What industry does your business operate in?,How many employees does your company have?,In which role are you currently working?,How often does your business conduct surveys?,"On a scale of 1-10, how challenging do you find recruiting suitable survey participants for your projects?",Which of the following challenges have you faced when trying to find suitable survey participants?,How has the difficulty in finding suitable participants impacted your business decisions?,What methods or platforms does your business primarily use to source survey participants?,Would you be interested in a synthetic data solution that offers fast and cost-effective market data for the survey population?,Any additional comments or challenges you'd like to share regarding finding suitable survey participants?
Other:,51-200,Business Owner,Monthly,5,['Low response rates'],['Wasted resources'],"['Email campaigns', 'Third-party survey platforms']",Yes,"I have found it challenging to find suitable survey participants who match the specific criteria I am looking for. It can be difficult to reach a representative sample and low response rates have been a problem. Additionally, privacy concerns from potential participants can hinder recruitment. The high costs associated with sourcing participants have also been a challenge for me. Overall, finding suitable survey participants requires a lot of time, effort, and resources."
Other: Business Consulting,51-200,Business Owner,Bi-annually,5,"['Difficulty reaching a representative sample', 'Low response rates']","['Wasted resources', 'Delayed decision-making']","['Email campaigns', 'Third-party survey platforms']",Yes,"Finding suitable survey participants can be challenging because it is important to reach a representative sample that accurately reflects the target population. Low response rates and privacy concerns from potential participants can also impact the recruitment process. Additionally, the cost associated with sourcing participants can be high. Overall, recruiting suitable survey participants requires careful planning, effective communication, and leveraging various methods and platforms to ensure a diverse and representative sample."
Other:,201-500,Business Owner,Annually,8,"['Low response rates', 'Other:']","['Wasted resources', 'No significant impact']","['Email campaigns', 'Social media advertising', 'Third-party survey platforms']",Yes,"Finding suitable survey participants can sometimes be challenging due to specific criteria required for the research project. It can be time-consuming and require extra effort to reach a representative sample. Additionally, privacy concerns from potential participants can impact response rates."
Other: Business,51-200,Business Owner,Bi-annually,4,['Low response rates'],"['Wasted resources', 'Delayed decision-making']","['Email campaigns', 'Social media advertising']",Yes,"I have experienced difficulty in finding survey participants who fit a specific demographic criteria. It can be challenging to reach a representative sample, particularly when trying to target specific age groups or ethnicities. Additionally, low response rates have been a common challenge, which affects the overall reliability and validity of the survey results."
Marketing,51-200,Marketing Manager,Quarterly,5,"['Low response rates', 'High costs associated with sourcing participants']","['Wasted resources', 'Delayed decision-making']","['Email campaigns', 'Social media advertising', 'Third-party survey platforms']",Yes,"I have found that recruiting survey participants can sometimes be challenging due to the limited response rate. Additionally, sourcing participants can be costly, especially when using third-party survey platforms. It would be helpful to explore more cost-effective methods for recruiting participants."
Other: Consulting,1-10,Business Owner,Bi-annually,6,['Low response rates'],['Wasted resources'],"['Email campaigns', 'Social media advertising']",Maybe,"One challenge I have faced is finding participants from specific niche demographics that are relevant to my research. It can be difficult to reach individuals who have very specific characteristics or interests. Additionally, recruiting participants who are willing to engage in longer surveys or provide detailed responses can also be a challenge."
Other: Marketing,11-50,Business Owner,Annually,7,"['Difficulty reaching a representative sample', 'Low response rates']","['Wasted resources', 'Delayed decision-making']","['Email campaigns', 'Third-party survey platforms']",Yes,"As a business owner, one challenge I have faced when trying to find suitable survey participants is the limited demographic representation. It can be difficult to reach a diverse and representative sample, especially when targeting specific groups or communities. Additionally, low response rates have been a challenge, which may be due to privacy concerns or survey fatigue. Overall, finding the right participants for surveys requires diligent effort and consideration of various factors."
Technology,51-200,Marketing Manager,Annually,6,"['Difficulty reaching a representative sample', 'Low response rates']","['Wasted resources', 'Delayed decision-making']","['Email campaigns', 'Third-party survey platforms']",Yes,"I have found that recruiting survey participants from specific demographic groups can be challenging at times. It requires additional effort to ensure a representative sample and to achieve a high response rate. Privacy concerns from potential participants and the high costs associated with sourcing participants are also factors to consider. Overall, finding suitable survey participants can be a complex process with various challenges."
Other: Consulting,1-10,Business Owner,Quarterly,5,['Low response rates'],"['Wasted resources', 'Delayed decision-making']","['Email campaigns', 'Third-party survey platforms']",Maybe,"I have found that recruiting survey participants from specific demographic groups can be challenging, especially when seeking representation across different age groups and ethnicities. It can also be difficult to ensure a diverse range of perspectives and opinions in the participant pool. Additionally, engaging participants who are willing to provide thoughtful and thorough responses can sometimes be a hurdle. Overall, finding suitable survey participants requires careful planning, targeted recruitment strategies, and ongoing efforts to maintain a diverse and engaged participant pool."
Marketing and Business Research,1-10,Business Owner,Bi-annually,6,"['Low response rates', 'Privacy concerns from potential participants', 'High costs associated with sourcing participants']","['Wasted resources', 'Delayed decision-making']","['Email campaigns', 'Third-party survey platforms']",Yes,"As a business owner, one additional challenge I face when trying to find suitable survey participants is targeting a diverse range of demographics. It can be difficult to ensure that our surveys are representative of the population we are trying to reach, especially when it comes to age, ethnicity, and socio-economic background. We want to gather insights from a variety of perspectives, so we are always looking for ways to improve our recruitment strategies and address any biases in our participant pool."
Other: Management,51-200,Management,Bi-annually,5,"['Difficulty reaching a representative sample', 'Low response rates']","['Wasted resources', 'Delayed decision-making']","['Email campaigns', 'Third-party survey platforms']",Yes,"I have found that recruiting survey participants from specific demographics can be challenging, especially when trying to reach underrepresented groups. It can take extra effort and resources to ensure a diverse and representative sample. Additionally, maintaining high response rates can be difficult, as people are often busy and may not prioritize participating in surveys. Privacy concerns from potential participants can also impact response rates. Overall, finding suitable survey participants requires careful planning and strategic recruitment methods."
Other:,11-50,Business Owner,Quarterly,5,"['Low response rates', 'Other:']","['Wasted resources', 'No significant impact']","['Email campaigns', 'Third-party survey platforms']",Yes,"As a business owner, one of the main challenges I face when trying to find suitable survey participants is ensuring a representative sample. It can be difficult to reach a diverse pool of participants that accurately reflects the population I am interested in studying. Additionally, privacy concerns from potential participants can sometimes hinder their willingness to participate in surveys. Overall, these challenges can impact the quality and validity of the data collected."
Other:,11-50,Business Owner,Annually,5,"['Difficulty reaching a representative sample', 'Low response rates', 'Privacy concerns from potential participants']","['Wasted resources', 'No significant impact']","['Email campaigns', 'Third-party survey platforms']",Yes,"Finding suitable survey participants can sometimes be challenging due to the need for representativeness and a sufficient response rate. Privacy concerns from potential participants can also impact their willingness to participate. Additionally, sourcing participants through certain methods or platforms may incur high costs."
Other: Marketing,11-50,Business Owner,Quarterly,5,['Low response rates'],"['Wasted resources', 'Delayed decision-making']","['Email campaigns', 'Social media advertising']",Yes,"One challenge I have faced is finding participants with diverse backgrounds and perspectives. It can be difficult to ensure that the sample is representative of the population I am studying. Additionally, reaching participants who are willing to take the time to participate in surveys can be challenging, especially with low response rates."
Other: Manufacturing,11-50,Business Owner,Annually,5,['Low response rates'],['Wasted resources'],"['Email campaigns', 'Social media advertising', 'Third-party survey platforms']",Yes,"One challenge I face is getting diverse representation in my survey participants. It can be difficult to reach a truly representative sample that includes individuals from different age groups, socioeconomic backgrounds, and cultural backgrounds. Additionally, ensuring a high response rate can be challenging as it requires engaging participants effectively and incentivizing their participation."
Other: Manufacturing,51-200,Management,Annually,7,"['Difficulty reaching a representative sample', 'Low response rates']","['Wasted resources', 'Delayed decision-making']","['Email campaigns', 'Third-party survey platforms']",Yes,"I have found that reaching a representative sample can be especially challenging when trying to target specific demographic groups. Additionally, low response rates have been a persistent issue in my experience."
Other: Business Consulting,11-50,Business Owner,Annually,6,['Low response rates'],['Wasted resources'],['Email campaigns'],Yes,I have not faced any additional challenges in finding suitable survey participants.
Marketing,11-50,Marketing Manager,Quarterly,6,['Difficulty reaching a representative sample'],['Wasted resources'],['Social media advertising'],Yes,"It can sometimes be challenging to find survey participants who fit the specific demographic criteria we are looking for. Additionally, reaching a diverse and representative sample can also be difficult. However, leveraging online platforms and social media advertising has been helpful in expanding our reach and attracting a wider range of participants."
Other: Manufacturing,51-200,Other: Management,Quarterly,7,"['Difficulty reaching a representative sample', 'Low response rates']","['Wasted resources', 'Delayed decision-making']","['Email campaigns', 'Third-party survey platforms']",Yes,"As a market research company, one of the challenges we frequently face is finding survey participants who accurately represent the target population. This can be difficult because reaching a representative sample and getting a high response rate is often a challenge. Additionally, privacy concerns from potential participants sometimes arise, making it harder to gather the necessary data. These challenges can result in higher costs associated with sourcing participants and may require us to explore alternative methods and platforms to ensure we reach the right audience. Overall, finding suitable survey participants is a crucial aspect of our research process and requires continuous effort and adaptation."
Other: Business,51-200,Marketing Manager,Quarterly,5,"['Difficulty reaching a representative sample', 'Low response rates']","['Wasted resources', 'No significant impact']","['Email campaigns', 'Social media advertising']",Yes,"As a business operating in a competitive industry, it can be challenging to find survey participants who fit the specific criteria we require. We often face difficulties in reaching a representative sample and have lower response rates than desired. Privacy concerns from potential participants and the high costs associated with sourcing participants also present challenges. Overall, finding suitable survey participants requires careful consideration and a variety of approaches to ensure accurate data collection."
Other: Management,51-200,Other: Management,Quarterly,4,"['Difficulty reaching a representative sample', 'Low response rates']","['Wasted resources', 'Delayed decision-making']","['Email campaigns', 'Social media advertising']",Yes,"I have found that finding suitable survey participants can be challenging because sometimes it's difficult to reach a representative sample and get a high response rate. Privacy concerns from potential participants can also be a challenge. Additionally, there can be high costs associated with sourcing participants for surveys."
Other: Marketing,51-200,Business Owner,Annually,5,"['Difficulty reaching a representative sample', 'Low response rates', 'Privacy concerns from potential participants']","['Wasted resources', 'Delayed decision-making']","['Email campaigns', 'Social media advertising', 'Third-party survey platforms']",Yes,"As a business owner in the marketing industry, one of the major challenges I have faced when trying to find suitable survey participants is reaching a representative sample. It can be difficult to ensure that the participants selected for the survey truly represent the target population. Additionally, low response rates have also been a challenge, as it can be challenging to motivate individuals to participate in surveys. Privacy concerns from potential participants have also been an issue, as some individuals may be hesitant to provide personal information or opinions. Overall, finding suitable survey participants can be a complex process that requires careful consideration and strategic planning."
Other: Management,51-200,Management,Bi-annually,3,['Low response rates'],['No significant impact'],"['Email campaigns', 'Social media advertising']",Yes,"As a researcher, one challenge I have faced in finding suitable survey participants is ensuring diversity and representation within the sample. It can be difficult to reach a truly representative sample and ensure that all voices are heard. Additionally, recruiting participants with specific characteristics or expertise can also be a challenge."
Other: Management,51-200,Management,Bi-annually,5,"['Difficulty reaching a representative sample', 'Low response rates']","['Wasted resources', 'Delayed decision-making']","['Email campaigns', 'Social media advertising']",Yes,"As someone who conducts surveys frequently, I understand the challenges of finding suitable survey participants. One challenge I face is ensuring a representative sample that accurately reflects the target population. Low response rates can also be a challenge, as it can be difficult to encourage people to participate in surveys. Additionally, privacy concerns from potential participants can make recruitment challenging. Overall, finding suitable survey participants requires careful planning and consideration of various factors."
Other: Marketing,51-200,Marketing Manager,Annually,5,"['Difficulty reaching a representative sample', 'Low response rates']","['Wasted resources', 'Delayed decision-making']","['Email campaigns', 'Social media advertising']",Yes,"As a marketing professional, one of the challenges I face when trying to find suitable survey participants is ensuring their representativeness. It can be difficult to reach a diverse sample that accurately reflects the target population. Additionally, low response rates can also be a challenge, which impacts the quality and reliability of the data collected. I have also come across privacy concerns from potential participants, which can sometimes limit their willingness to participate in surveys. Overall, finding suitable survey participants can be a complex process, but it is crucial for obtaining valuable insights for business decision-making."
Other: Management,201-500,Management,Annually,6,"['Difficulty reaching a representative sample', 'Low response rates']","['Wasted resources', 'Delayed decision-making']","['Email campaigns', 'Third-party survey platforms']",Yes,"Finding suitable survey participants can sometimes be a challenge due to the specific criteria we need for our research. It can take time and resources to reach a representative sample and ensure a good response rate. Privacy concerns from potential participants and high costs associated with sourcing participants are also factors to consider. Overall, it's important to continuously explore new methods and platforms to effectively source participants for our surveys."
Other: Management,11-50,Other: Management,Quarterly,7,"['Difficulty reaching a representative sample', 'Low response rates']","['Wasted resources', 'Delayed decision-making']","['Email campaigns', 'Social media advertising']",Yes,"One challenge I've faced in finding suitable survey participants is ensuring a diverse and representative sample. It can be difficult to reach individuals from different backgrounds and demographics, which can impact the validity and accuracy of the survey results."
Finance,51-200,Business Owner,Annually,5,"['Difficulty reaching a representative sample', 'Low response rates']","['Wasted resources', 'No significant impact']","['Email campaigns', 'Social media advertising']",Yes,I haven't faced any additional challenges in finding suitable survey participants.
Other:,1-10,Business Owner,Annually,5,"['Difficulty reaching a representative sample', 'Low response rates', 'Privacy concerns from potential participants']","['Wasted resources', 'Delayed decision-making']","['Email campaigns', 'Third-party survey platforms']",Yes,"I have found it challenging to find survey participants who fit specific demographic criteria, such as age and location. Additionally, reaching a diverse and representative sample can be difficult."
Other: Business Services,11-50,Business Owner,Annually,8,"['Difficulty reaching a representative sample', 'Low response rates']","['Wasted resources', 'Delayed decision-making']","['Email campaigns', 'Third-party survey platforms']",Yes,"As a business owner, one of the challenges I have faced when trying to find suitable survey participants is the time and effort it takes to reach a representative sample. It can be difficult to find a diverse group of participants who accurately reflect the target population. Additionally, low response rates have been a challenge, as it can be challenging to encourage participants to take part in surveys. Overall, finding suitable survey participants can be a resource-intensive process that requires careful planning and consideration."
Other: Consulting,1-10,Business Owner,Annually,5,"['Difficulty reaching a representative sample', 'Low response rates']","['Wasted resources', 'Delayed decision-making']","['Email campaigns', 'Third-party survey platforms']",Yes,"I have found that it can be challenging to find survey participants who meet specific demographic criteria, especially in terms of age and occupation. Additionally, reaching a representative sample can sometimes be difficult, as certain groups may be underrepresented in the survey population. It requires a lot of effort and resources to ensure a diverse and representative sample for accurate results."
Other: Business Services,11-50,Business Owner,Annually,5,"['Low response rates', 'High costs associated with sourcing participants']","['Wasted resources', 'Delayed decision-making']","['Email campaigns', 'Social media advertising']",Yes,"As a business owner, one of the challenges I have faced when trying to find suitable survey participants is the limited reach of my email campaigns. Despite extensive targeting, the response rates have been lower than expected. Additionally, sourcing participants through social media advertising has also been challenging, as it requires constant monitoring and optimization to ensure effectiveness. Another challenge I have encountered is the high cost associated with sourcing participants through third-party survey platforms. These costs can add up quickly and impact the overall budget for my projects. Overall, finding suitable survey participants has been a time-consuming and costly process."
Other: Business,51-200,Business Owner,Bi-annually,7,['Low response rates'],['Delayed decision-making'],['Email campaigns'],Yes,"One challenge I have faced is finding survey participants who are representative of the population I am targeting. It can be difficult to ensure diversity in terms of age, gender, and ethnicity. Additionally, low response rates can sometimes be an issue, making it challenging to gather enough data for meaningful insights. Privacy concerns from potential participants can also make recruitment more difficult."
Other: Management,51-200,Management,Annually,4,['Low response rates'],['Wasted resources'],"['Email campaigns', 'Social media advertising']",Yes,"One additional challenge I have faced when trying to find suitable survey participants is targeting a specific demographic within a larger population. It can be difficult to ensure that the participants represent a diverse range of backgrounds and experiences. Additionally, reaching out to potential participants who are not actively engaged in survey-taking can also be a challenge."
Other: Marketing,11-50,Marketing Manager,Annually,5,"['Difficulty reaching a representative sample', 'Low response rates']",['Wasted resources'],"['Email campaigns', 'Social media advertising']",Yes,"Finding suitable survey participants can be challenging at times, especially when trying to reach a representative sample. Low response rates and privacy concerns from potential participants are also obstacles that need to be addressed. Additionally, there can be high costs associated with sourcing participants for surveys."
Other: Business Services,11-50,Business Owner,Annually,7,"['Difficulty reaching a representative sample', 'Low response rates']","['Wasted resources', 'Delayed decision-making']","['Email campaigns', 'Social media advertising']",Yes,"One challenge I have faced is recruiting participants with diverse backgrounds and experiences. It can be difficult to ensure a representative sample, especially when targeting specific demographics. Additionally, low response rates have been a challenge, which affects the validity of the data collected. Overall, finding suitable survey participants requires careful planning and thoughtful recruitment strategies."
Other: Business,51-200,Marketing Manager,Annually,5,"['Difficulty reaching a representative sample', 'Privacy concerns from potential participants']","['Wasted resources', 'Delayed decision-making']","['Email campaigns', 'Social media advertising']",Yes,"I have found that finding survey participants with diverse backgrounds and perspectives can be challenging, especially when trying to conduct research on niche topics. It can also be difficult to ensure a representative sample of the population, which is important for generating accurate insights. Additionally, privacy concerns and the cost associated with sourcing participants are other challenges that I have faced."
Other: Business Consulting,1-10,Business Owner,Bi-annually,5,['Low response rates'],['No significant impact'],"['Email campaigns', 'Social media advertising']",Yes,"As a business owner, one of the challenges I face in finding suitable survey participants is ensuring a representative sample. It can be difficult to reach a diverse range of individuals that accurately reflect the target population. Additionally, privacy concerns from potential participants can sometimes hinder recruitment efforts. However, I have found that using email campaigns and social media advertising have been effective methods for sourcing survey participants in my business."
Other: Management Consulting,51-200,Other: Management Consultant,Quarterly,7,['Low response rates'],"['Wasted resources', 'Delayed decision-making']","['Email campaigns', 'Social media advertising', 'Third-party survey platforms']",Yes,"As a business in the management consulting industry with 51-200 employees, one challenge I face is finding survey participants who have specific expertise or experience relevant to our projects. This can sometimes result in a low response rate, as it requires reaching out to a targeted and specialized group of individuals. Additionally, privacy concerns from potential participants can also pose a challenge, as they may be hesitant to share certain information or participate in surveys due to confidentiality reasons. Overall, finding suitable survey participants can be time-consuming and require a strategic approach to ensure we gather representative data for our research and analysis."
Other: Manufacturing,51-200,Marketing Manager,Bi-annually,5,['Low response rates'],['Wasted resources'],"['Email campaigns', 'Social media advertising']",Maybe,"As a middle-aged male with a stable job and family, it can sometimes be challenging to find survey participants that accurately represent the diverse range of demographics. Additionally, finding participants who are willing to actively engage in surveys and provide meaningful responses can be difficult."
Finance,51-200,Business Owner,Annually,5,"['Difficulty reaching a representative sample', 'Low response rates']","['Wasted resources', 'Delayed decision-making']","['Email campaigns', 'Social media advertising', 'Third-party survey platforms']",Maybe,"I have found that reaching a representative sample can be challenging, especially when targeting specific demographics. Low response rates have also been an issue in some cases, making it difficult to gather enough data for analysis."
Other:,11-50,Business Owner,Bi-annually,5,['Low response rates'],['Wasted resources'],"['Email campaigns', 'Social media advertising', 'Third-party survey platforms']",Yes,"As a business owner, one of the challenges I have faced is ensuring a diverse and representative sample of survey participants. It can be difficult to reach individuals from different backgrounds and demographics, which is important for obtaining comprehensive and unbiased data. Additionally, the low response rates can pose a challenge in obtaining a sufficient number of participants. Overall, finding suitable survey participants requires a strategic and thoughtful approach to ensure the data collected is reliable and representative."
Other:,51-200,Business Owner,Less frequently,7,"['Difficulty reaching a representative sample', 'Low response rates', 'Privacy concerns from potential participants']","['Wasted resources', 'Delayed decision-making']","['Email campaigns', 'Third-party survey platforms']",Yes,"I have found it challenging to find survey participants who fit the specific criteria needed for my research projects. It can be difficult to reach a representative sample and response rates are often low. Additionally, privacy concerns from potential participants can also impact their willingness to participate in surveys."
Other: Marketing,51-200,Marketing Manager,Bi-annually,4,"['Difficulty reaching a representative sample', 'Low response rates']","['Wasted resources', 'Delayed decision-making']","['Email campaigns', 'Social media advertising']",Yes,"As an AI, I do not encounter challenges in finding suitable survey participants. However, it is important to ensure diverse representation and address potential biases in the data collected."
Other: Consulting,11-50,Business Owner,Quarterly,5,"['Low response rates', 'High costs associated with sourcing participants']","['Wasted resources', 'Delayed decision-making']","['Email campaigns', 'Social media advertising']",Yes,"I have found it challenging to reach a representative sample of survey participants in certain demographics, particularly when targeting specific age groups or ethnic backgrounds. Additionally, privacy concerns from potential participants have sometimes hindered our recruitment efforts. Overall, these challenges have required us to invest more time and resources in sourcing suitable participants for our surveys."
Other: Consultancy,11-50,Business Owner,Quarterly,6,"['Low response rates', 'Privacy concerns from potential participants']","['Wasted resources', 'Delayed decision-making']","['Email campaigns', 'Third-party survey platforms']",Yes,"I have found that finding survey participants who meet specific criteria can be challenging at times. It can sometimes be difficult to reach a representative sample, and response rates can vary. Privacy concerns from potential participants can also impact the recruitment process. Additionally, there are costs associated with sourcing participants, which can be high depending on the method or platform used. Overall, it is important to carefully consider the methods and platforms used to source survey participants in order to overcome these challenges."
Other: Management,51-200,Other: Management,Annually,4,['Low response rates'],['Wasted resources'],"['Email campaigns', 'Social media advertising']",Yes,I have not faced any additional challenges in finding suitable survey participants.
Other: Professional Services,11-50,Business Owner,Quarterly,6,['Low response rates'],"['Wasted resources', 'Delayed decision-making']","['Email campaigns', 'Social media advertising']",Yes,"I have found that recruiting survey participants with specific demographic characteristics can be challenging. It can take time and effort to reach a representative sample, and low response rates can also be an issue. Additionally, privacy concerns from potential participants can sometimes limit the willingness to participate. Overall, finding suitable survey participants can be a complex process."
Other: Marketing,11-50,Research Head,Quarterly,7,"['Difficulty reaching a representative sample', 'Low response rates']","['Wasted resources', 'Delayed decision-making']","['Email campaigns', 'Third-party survey platforms']",Yes,"As a researcher, one of the challenges I often face when trying to find suitable survey participants is ensuring diversity and representation. It can be difficult to reach a truly representative sample, especially when targeting specific demographics or underrepresented groups. Additionally, low response rates can sometimes make it challenging to gather a sufficient number of participants. These challenges can impact the reliability and validity of the research findings, and it requires careful consideration and planning to overcome them."
Other: Business,11-50,Business Owner,Bi-annually,5,"['Difficulty reaching a representative sample', 'Low response rates']","['Wasted resources', 'Delayed decision-making']","['Email campaigns', 'Third-party survey platforms']",Yes,"As a business in the technology industry, one challenge I have faced in finding suitable survey participants is the ever-changing landscape of technology. It can be difficult to find participants who are up-to-date with the latest trends and technologies. Additionally, privacy concerns from potential participants have also posed a challenge, as people are becoming more cautious about sharing their personal information online. Overall, finding a representative sample and ensuring high response rates can be challenging in such a dynamic and privacy-conscious environment."
