What industry does your business operate in?,How many employees does your company have?,In which role are you currently working?,How often does your business conduct surveys?,"On a scale of 1-10, how challenging do you find recruiting suitable survey participants for your projects?",Which of the following challenges have you faced when trying to find suitable survey participants?,How has the difficulty in finding suitable participants impacted your business decisions?,What methods or platforms does your business primarily use to source survey participants?,Would you be interested in a solution that streamlines the process of finding suitable and representative survey participants for your business?,Any additional comments or challenges you'd like to share regarding finding suitable survey participants?
Other: [My Answer],11-50,Business Owner,Annually,6,['Low response rates'],['Wasted resources'],"['Email campaigns', 'Third-party survey platforms']",Yes,"Sometimes it can be challenging to find survey participants who are willing to provide detailed and thoughtful responses. Additionally, reaching a diverse and representative sample can also be difficult."
Finance,11-50,Other: Management,Annually,5,['Low response rates'],['Wasted resources'],"['Email campaigns', 'Social media advertising']",Yes,I have not faced any significant challenges in finding suitable survey participants for my business.
Finance,1-10,Business Owner,Annually,5,"['Difficulty reaching a representative sample', 'Low response rates']","['Wasted resources', 'Delayed decision-making']","['Email campaigns', 'Third-party survey platforms']",Yes,"One additional challenge I have faced is finding participants who are willing to provide detailed and thoughtful responses. Sometimes, participants lack the motivation to fully engage with the survey, which can impact the quality of the data collected."
Other: Business Services,1-10,Business Owner,Bi-annually,5,"['Difficulty reaching a representative sample', 'Low response rates', 'Privacy concerns from potential participants']","['Wasted resources', 'No significant impact']","['Email campaigns', 'Social media advertising']",Yes,"Finding suitable survey participants can be a challenge, especially when trying to reach a representative sample. Additionally, low response rates can make it difficult to gather sufficient data. Finally, privacy concerns from potential participants can also pose a challenge."
Other: (insert industry here),51-200,Business Owner,Annually,5,"['Difficulty reaching a representative sample', 'Low response rates']","['Wasted resources', 'Delayed decision-making']","['Email campaigns', 'Third-party survey platforms']",Yes,"As an AI assistant, I do not personally face challenges in finding suitable survey participants. However, some common challenges that researchers may face include: finding a representative sample, low response rates, privacy concerns from potential participants, and high costs associated with sourcing participants. Additionally, reaching specific demographic groups and ensuring diversity in the participant pool can also be a challenge."
Finance,51-200,Business Owner,Annually,6,"['Difficulty reaching a representative sample', 'Low response rates']","['Wasted resources', 'Delayed decision-making']","['Email campaigns', 'Third-party survey platforms']",Yes,"I have found that one of the biggest challenges in finding suitable survey participants is ensuring diversity and representation. It can be difficult to reach a truly representative sample, especially when it comes to specific demographics or niche markets. Additionally, privacy concerns from potential participants can also hinder recruitment efforts. Overall, finding the right participants for surveys can require time, effort, and resources."
Finance,51-200,Business Owner,Quarterly,5,"['Difficulty reaching a representative sample', 'Low response rates']","['Wasted resources', 'Delayed decision-making']","['Email campaigns', 'Third-party survey platforms']",Yes,"I have faced challenges in finding survey participants who match the specific demographics I am targeting. It can be difficult to reach a representative sample and sometimes the response rates are low. Additionally, privacy concerns from potential participants can make recruitment challenging. Another challenge is the high costs associated with sourcing participants. Overall, finding suitable survey participants can be a time-consuming and resource-intensive process."
Finance,11-50,Marketing Manager,Bi-annually,7,"['Difficulty reaching a representative sample', 'Low response rates']","['Wasted resources', 'Delayed decision-making']","['Email campaigns', 'Third-party survey platforms']",Yes,"As a participant, I have not faced any challenges in finding suitable survey participants. However, I understand that it can be difficult for businesses to reach a representative sample and obtain high response rates. Privacy concerns from potential participants and high costs associated with sourcing participants can also pose challenges for businesses."
Other:,51-200,Research Head,Annually,7,['Low response rates'],['Wasted resources'],['Email campaigns'],Yes,"I have found that recruiting participants with specific demographic characteristics can be challenging at times, especially when trying to achieve a representative sample. It requires a lot of effort and resources to reach out to diverse groups and ensure their participation. Additionally, privacy concerns from potential participants can also affect the response rates. Overall, it is essential to continuously explore new methods and platforms to improve the recruitment process."
Other: Business Services,1-10,Business Owner,Bi-annually,7,['Low response rates'],['Wasted resources'],"['Email campaigns', 'Social media advertising', 'Third-party survey platforms']",Yes,I have not encountered any additional challenges in finding suitable survey participants.
Other: Marketing,11-50,Business Owner,Annually,5,"['Difficulty reaching a representative sample', 'Low response rates', 'High costs associated with sourcing participants']","['Wasted resources', 'Delayed decision-making']","['Email campaigns', 'Third-party survey platforms']",Yes,"As a business owner in the marketing field, one of the challenges I face when trying to find suitable survey participants is ensuring a representative sample. It can be difficult to reach a diverse range of individuals that accurately reflects the target population. Additionally, low response rates can sometimes hinder the success of my surveys. Another challenge I encounter is the high costs associated with sourcing participants, especially when using third-party survey platforms. Overall, finding suitable survey participants can be a complex and costly process, but it is essential for obtaining valuable insights for my marketing projects."
Technology,51-200,Marketing Manager,Quarterly,7,['Low response rates'],['Wasted resources'],"['Email campaigns', 'Social media advertising']",Yes,"As a researcher, I have found that one of the biggest challenges in finding suitable survey participants is ensuring diversity and representation. It is often difficult to reach a truly representative sample, especially when trying to include underrepresented groups. Additionally, privacy concerns from potential participants can also pose a challenge, as individuals may be hesitant to share personal information. Lastly, there can be high costs associated with sourcing participants, especially when using certain platforms or methods. Overall, these factors can make the process of finding suitable survey participants time-consuming and resource-intensive."
Finance,51-200,Business Owner,Quarterly,7,['Low response rates'],"['Wasted resources', 'Delayed decision-making']","['Email campaigns', 'Third-party survey platforms']",Yes,"As a business operating in the finance industry with a moderate-sized team, I have faced challenges in reaching a representative sample and obtaining a high response rate. Additionally, the high costs associated with sourcing participants have been a constraint. Despite these challenges, I am interested in a solution that streamlines the process of finding suitable and representative survey participants for my business."
Other: Consulting,51-200,Other: Management,Quarterly,5,['Low response rates'],['Wasted resources'],['Third-party survey platforms'],Yes,"One challenge I have faced is finding survey participants who accurately represent the diversity of the population. It can be difficult to reach underrepresented groups and ensure their voices are included in the research. Additionally, recruiting participants with specific characteristics or expertise can also be a challenge, as they may be less willing to participate or harder to find."
Other: Consulting,11-50,Other: Management Consultant,Quarterly,7,"['Difficulty reaching a representative sample', 'Low response rates']","['Wasted resources', 'No significant impact']","['Email campaigns', 'Third-party survey platforms']",Yes,"As a business operating in the consulting industry with a moderate number of employees, finding suitable survey participants can be challenging. The difficulty lies in reaching a representative sample and ensuring a high response rate. Privacy concerns from potential participants can also pose a challenge. Additionally, the high costs associated with sourcing participants can be a barrier. Overall, streamlining the process of finding suitable and representative survey participants would greatly benefit our business."
Technology,51-200,Business Owner,Quarterly,7,['Low response rates'],"['Wasted resources', 'Delayed decision-making']","['Email campaigns', 'Social media advertising']",Yes,"I have found that reaching a diverse and representative sample of survey participants can sometimes be challenging, especially when it comes to specific demographics or hard-to-reach populations. It requires careful planning and utilizing various recruitment methods to ensure the validity and inclusivity of the data collected. Additionally, privacy concerns from potential participants can also impact their willingness to participate in surveys."
Other: Manufacturing,51-200,Business Owner,Annually,8,"['Low response rates', 'Privacy concerns from potential participants']","['Wasted resources', 'Delayed decision-making']","['Email campaigns', 'Third-party survey platforms']",Yes,"I have occasionally faced challenges in finding suitable survey participants who meet specific criteria for my research studies. It can be time-consuming and requires careful screening to ensure the participants are representative of the target population. Additionally, there may be limited availability of participants in certain demographics, which can pose a challenge in obtaining a diverse sample. Overall, finding suitable survey participants can be a crucial aspect of conducting reliable and valid research."
Other:,51-200,Business Owner,Annually,7,"['Difficulty reaching a representative sample', 'Low response rates', 'Privacy concerns from potential participants']","['Wasted resources', 'No significant impact']","['Email campaigns', 'Social media advertising', 'Third-party survey platforms']",Yes,"As a native born American living in an urban area, I have not faced any significant challenges in finding suitable survey participants. However, I can imagine that reaching a representative sample and ensuring privacy concerns could be challenging for researchers in certain contexts."
Other: Food and Beverage,11-50,Business Owner,Annually,5,['Low response rates'],['Wasted resources'],"['Email campaigns', 'Social media advertising', 'Third-party survey platforms']",Yes,I have not faced any additional challenges in finding suitable survey participants at this time.
Other:,11-50,Business Owner,Quarterly,6,"['Difficulty reaching a representative sample', 'Low response rates']","['Wasted resources', 'Delayed decision-making']","['Email campaigns', 'Social media advertising']",Yes,"As a business owner, one of the challenges I have faced when trying to find suitable survey participants is ensuring that I reach a representative sample. It can be difficult to gather a diverse group of participants that accurately represents the target population. Additionally, low response rates have been a challenge, as it can be hard to motivate individuals to participate in surveys. Overall, finding the right participants can be time-consuming and costly, but it is crucial for obtaining accurate and reliable data."
Other:,1-10,Business Owner,Annually,5,"['Difficulty reaching a representative sample', 'Low response rates']","['Wasted resources', 'Delayed decision-making']","['Email campaigns', 'Social media advertising']",Yes,"One challenge I've faced is finding participants that are representative of the general population. It can be difficult to ensure that the sample is diverse and includes people from different backgrounds and demographics. Additionally, low response rates have been another challenge, as it can be challenging to get people to participate in surveys. Overall, finding suitable survey participants can be time-consuming and requires careful planning and outreach strategies."
Management,51-200,Management,Quarterly,5,"['Difficulty reaching a representative sample', 'Low response rates']","['Wasted resources', 'Delayed decision-making']","['Email campaigns', 'Third-party survey platforms']",Yes,"As a market researcher, I sometimes face challenges in finding survey participants who accurately represent the target demographic. It can be difficult to reach a representative sample, especially when targeting niche audiences or specific geographical regions. Additionally, low response rates can also be a challenge, resulting in limited data and potential biases in the results. Privacy concerns from potential participants can also impact recruitment efforts. Lastly, sourcing participants can be costly, especially when using third-party platforms or hiring in-person recruiters. Overall, finding suitable survey participants requires careful planning, targeted recruitment strategies, and a consideration of the associated challenges and costs."
Other: Business Management,11-50,Management,Quarterly,5,"['Difficulty reaching a representative sample', 'Low response rates', 'High costs associated with sourcing participants']","['Wasted resources', 'Delayed decision-making']","['Email campaigns', 'Third-party survey platforms']",Yes,"As a business management professional, I have faced difficulties in finding suitable survey participants due to the specific industry I operate in. The challenge lies in locating participants with the right knowledge and expertise in business management. It requires extra effort to reach out and engage with individuals with the relevant background. Additionally, ensuring a representative sample can be challenging as business management is a specialized field."
Other: Business Consulting,11-50,Business Owner,Bi-annually,5,"['Difficulty reaching a representative sample', 'Low response rates']",['No significant impact'],"['Email campaigns', 'Social media advertising']",Yes,"As a business owner, one challenge I have faced when trying to find suitable survey participants is ensuring diversity and representation. It can be difficult to reach a truly representative sample that reflects the broader population. Additionally, low response rates can also be a challenge, making it harder to gather enough participants for meaningful insights."
Other: Management,51-200,Management,Annually,6,"['Difficulty reaching a representative sample', 'Low response rates']","['Wasted resources', 'Delayed decision-making']","['Email campaigns', 'Social media advertising']",Yes,"As a business, it can be challenging to find suitable survey participants for our projects. One of the main challenges we face is reaching a representative sample. It is also difficult to overcome low response rates from potential participants. These challenges can affect the quality of our research and decision-making process. Additionally, privacy concerns from potential participants can limit our ability to recruit suitable participants. Overall, finding and recruiting suitable survey participants is a continuous challenge that requires creative approaches and strategies."
Other: Management,51-200,Management,Annually,7,"['Difficulty reaching a representative sample', 'Low response rates', 'Privacy concerns from potential participants']","['Wasted resources', 'Delayed decision-making']","['Email campaigns', 'Social media advertising', 'Third-party survey platforms']",Yes,One additional challenge I have faced is finding participants from diverse backgrounds and perspectives. It can be difficult to ensure that the survey sample is representative and includes a wide range of demographics. This is something I strive to improve in my research.
Other: Management Consulting,11-50,Management,Quarterly,6,['Low response rates'],['Wasted resources'],"['Email campaigns', 'Social media advertising']",Yes,"As a business operating in the management consulting industry with around 11-50 employees, we have faced challenges in finding suitable survey participants. Despite using methods like email campaigns and social media advertising, we often encounter low response rates. This could be due to the busy schedules and limited availability of our target audience. Additionally, privacy concerns from potential participants sometimes hinder their willingness to participate in surveys. We have also noticed that the high costs associated with sourcing participants can be a barrier to conducting surveys on a larger scale. Overall, finding representative survey participants can be a time-consuming and resource-intensive process."
Management,51-200,Management,Annually,7,"['Difficulty reaching a representative sample', 'Low response rates']","['Wasted resources', 'No significant impact']","['Email campaigns', 'Social media advertising']",Yes,"I have found that recruiting survey participants with specific demographic characteristics can be challenging, especially when trying to reach a diverse and representative sample. Additionally, low response rates can also pose a challenge in obtaining enough participants for surveys. It's important to ensure privacy concerns are addressed to encourage participation. Finally, the cost associated with sourcing participants can be high, especially when using certain platforms or services."
Other: Management,51-200,Management,Bi-annually,3,"['Difficulty reaching a representative sample', 'Low response rates']",['Wasted resources'],"['Email campaigns', 'Social media advertising']",Yes,"As an AI assistant, I don't face specific challenges related to finding survey participants. However, some common challenges faced by businesses include difficulty reaching a representative sample, low response rates, privacy concerns from potential participants, and high costs associated with sourcing participants."
Other:,51-200,Business Owner,Annually,7,"['Difficulty reaching a representative sample', 'Low response rates']","['Wasted resources', 'Delayed decision-making']","['Email campaigns', 'Social media advertising']",Yes,"As a business owner, I have faced challenges in finding survey participants who are representative of the larger population. It can be difficult to reach a diverse sample and ensure a high response rate. Privacy concerns from potential participants have also been a concern. Additionally, sourcing participants can be costly. Overall, finding suitable survey participants can be a time-consuming and resource-intensive task."
Other: Consulting,11-50,Other: Consultant,Quarterly,7,"['Difficulty reaching a representative sample', 'Low response rates', 'High costs associated with sourcing participants']","['Wasted resources', 'Delayed decision-making']","['Email campaigns', 'Third-party survey platforms']",Yes,"As a research company, we occasionally face challenges in finding suitable survey participants. One of the main challenges is ensuring a representative sample, especially when targeting specific demographics or niche markets. Additionally, low response rates can impact the data collection process and require additional efforts to reach the desired sample size. Finally, the cost associated with sourcing participants can sometimes be high, especially when using specialized platforms or recruiting participants through specific channels."
Other: [Replace with specific industry],1-10,Business Owner,Bi-annually,5,['Low response rates'],['No significant impact'],"['Email campaigns', 'Social media advertising']",Yes,"As a business owner, one of the challenges I face when trying to find suitable survey participants is finding individuals who meet specific criteria. It can be difficult to reach a representative sample and ensure that the participants are truly representative of the target population. Additionally, privacy concerns from potential participants can also impact the response rates. Overall, the process of recruiting suitable survey participants can be time-consuming and costly, but it is essential for gathering accurate and meaningful data."
Other,1-10,Business Owner,Quarterly,5,['Low response rates'],['No significant impact'],"['Email campaigns', 'Social media advertising']",Yes,"As a business owner, one of the challenges I have faced when trying to find suitable survey participants is ensuring a representative sample. It can be difficult to reach a diverse group of individuals that accurately reflect the population I am trying to survey. Additionally, privacy concerns from potential participants have also impacted our response rates. Overall, finding suitable survey participants can be a time-consuming and challenging task."
Other:,11-50,Business Owner,Bi-annually,6,['Low response rates'],"['Wasted resources', 'Delayed decision-making']","['Email campaigns', 'Social media advertising']",Yes,"One additional challenge I have faced when finding suitable survey participants is the need to ensure diversity and representation across different demographic groups. It can be difficult to reach and engage participants from underrepresented communities, which is important for obtaining a comprehensive and unbiased understanding of the population."
Other: Business,51-200,Marketing Manager,Bi-annually,6,"['Difficulty reaching a representative sample', 'Low response rates']","['Wasted resources', 'Delayed decision-making']","['Email campaigns', 'Third-party survey platforms']",Yes,"As a full-time working professional with a busy schedule, one of the main challenges I face in finding suitable survey participants is the time constraint. It can be difficult to find individuals who are willing to take the time to participate in surveys, especially when trying to reach a representative sample. Another challenge I have encountered is ensuring privacy and confidentiality for potential participants, as some individuals may have concerns about sharing personal information. Additionally, sourcing survey participants can be costly, especially when using third-party survey platforms. Overall, finding suitable survey participants requires careful planning and consideration of these challenges."
Other: Business,51-200,Business Owner,Quarterly,6,"['Difficulty reaching a representative sample', 'Low response rates', 'Privacy concerns from potential participants']","['Wasted resources', 'Delayed decision-making']","['Email campaigns', 'Third-party survey platforms']",Yes,I have not encountered any additional challenges in finding suitable survey participants.
Other: Business,51-200,Business Owner,Quarterly,3,"['Low response rates', 'High costs associated with sourcing participants']","['Wasted resources', 'Delayed decision-making']","['Email campaigns', 'Third-party survey platforms']",Yes,"I have found that targeting specific demographics or niche populations can be particularly challenging when trying to find suitable survey participants. Additionally, reaching out to potential participants and getting a high response rate can be difficult, especially when dealing with busy individuals who may not prioritize survey participation. Furthermore, maintaining participant privacy and addressing any concerns they may have is crucial in order to ensure their willingness to participate. Lastly, recruiting participants can be costly, especially when utilizing third-party survey platforms or conducting in-person recruitment."
Other: Manufacturing,51-200,Business Owner,Annually,6,"['Low response rates', 'Privacy concerns from potential participants']","['Wasted resources', 'Delayed decision-making']","['Social media advertising', 'Third-party survey platforms']",Yes,N/A
Other: Business Services,11-50,Business Owner,Annually,7,"['Difficulty reaching a representative sample', 'Low response rates']","['Wasted resources', 'No significant impact']","['Email campaigns', 'Third-party survey platforms']",Yes,"One challenge I have faced is ensuring diversity in my survey participants. It can be difficult to reach a truly representative sample, especially when the target population is diverse. Additionally, low response rates have been a challenge, which affects the reliability of the survey results."
Other:,51-200,Marketing Manager,Bi-annually,7,['Low response rates'],['Wasted resources'],"['Email campaigns', 'Third-party survey platforms']",Yes,No
Other: Management,51-200,Business Owner,Annually,3,"['Difficulty reaching a representative sample', 'Low response rates']","['Wasted resources', 'Delayed decision-making']","['Email campaigns', 'Third-party survey platforms']",Yes,"As a business owner, I find it challenging to find survey participants who accurately represent a diverse range of demographics. It's important to ensure that the sample is representative of the population we are studying in order to obtain meaningful insights. Additionally, low response rates can sometimes be a hurdle in conducting surveys."
Other: Business,11-50,Business Owner,Bi-annually,7,['Low response rates'],['No significant impact'],"['Email campaigns', 'Social media advertising']",Yes,"As a person with a high-income and upper-middle-class background, I have found it challenging to find survey participants who come from diverse socioeconomic backgrounds. It is important to ensure that survey samples are representative and include individuals from different income levels and social classes."
Other: Consulting,1-10,Business Owner,Quarterly,6,"['Difficulty reaching a representative sample', 'Low response rates', 'Privacy concerns from potential participants']","['Wasted resources', 'Delayed decision-making']","['Email campaigns', 'Social media advertising', 'Third-party survey platforms']",Yes,"As a business owner, one of the biggest challenges I face when trying to find suitable survey participants is ensuring a representative sample. It can be difficult to reach a diverse range of individuals who accurately represent the population I am trying to study. Additionally, low response rates can be a challenge, as it sometimes takes multiple attempts to get enough participants for my surveys. Privacy concerns from potential participants can also impact their willingness to take part in surveys, which may affect the overall quality and representativeness of the data collected. Overall, finding suitable survey participants can be time-consuming and require extra resources to overcome these challenges."
Other:,201-500,Business Owner,Annually,7,"['Difficulty reaching a representative sample', 'Low response rates']","['Wasted resources', 'Delayed decision-making']","['Email campaigns', 'Social media advertising']",Yes,"As a business operating in an industry that does not fall under the provided choices, I have faced challenges in finding suitable survey participants who match our target demographic. Additionally, the cost associated with sourcing participants has been relatively high, impacting our resources. However, despite these challenges, we have been able to reach a representative sample and maintain a decent response rate."
Other: Business Services,11-50,Business Owner,Annually,7,['Low response rates'],['Wasted resources'],"['Email campaigns', 'Social media advertising', 'Third-party survey platforms']",Yes,"As a business owner, one of the challenges I have faced when trying to find suitable survey participants is the need for a representative sample. It can be difficult to ensure that the participants accurately represent the target population. Another challenge is the low response rates, which can lengthen the recruitment process and make it harder to gather enough data. Privacy concerns from potential participants have also been a factor. Finally, the high costs associated with sourcing participants can be a barrier, especially when working with a limited budget."
Technology,51-200,Business Owner,Annually,3,['Low response rates'],['Wasted resources'],"['Email campaigns', 'Social media advertising']",Yes,"One additional challenge I've faced is finding participants who are willing to provide detailed and thoughtful responses. Sometimes, participants may rush through the survey or provide vague answers, which can impact the quality of the data collected."
Other: Manufacturing,11-50,Business Owner,Bi-annually,6,"['Difficulty reaching a representative sample', 'Low response rates']","['Wasted resources', 'Delayed decision-making']","['Email campaigns', 'Third-party survey platforms']",Yes,"One challenge I've faced is ensuring diversity in my survey participants. It can be difficult to reach a representative sample that accurately reflects the demographics I'm targeting. Additionally, low response rates have been a recurring challenge, as it can be hard to motivate participants to take part in surveys. Overall, finding suitable survey participants has been a time-consuming process that requires careful planning and consideration."
Other: Management,51-200,Management,Bi-annually,7,['Low response rates'],['Delayed decision-making'],"['Email campaigns', 'Social media advertising']",Yes,"As a manager in the business industry, I have faced challenges in finding suitable survey participants due to the limited time and resources available. Additionally, reaching a representative sample can be difficult, especially when trying to target specific demographics or niche markets. However, leveraging online platforms and social media advertising has helped in sourcing participants and increasing response rates to some extent. Overall, finding suitable survey participants requires continuous efforts and strategic planning."
Other: Manufacturing,1-10,Business Owner,Annually,6,"['Difficulty reaching a representative sample', 'Low response rates']","['Wasted resources', 'Delayed decision-making']","['Email campaigns', 'Third-party survey platforms']",Yes,"As a business owner in the manufacturing industry with a small company of 1-10 employees, I have faced challenges in finding suitable survey participants due to limited resources and a smaller target population. It can be difficult to reach a representative sample and obtain sufficient response rates. Additionally, privacy concerns from potential participants have also been a factor. Overall, finding suitable survey participants can be a time-consuming and costly process for my business."
Other: Management,11-50,Marketing Manager,Bi-annually,7,"['Difficulty reaching a representative sample', 'Low response rates']","['Wasted resources', 'Delayed decision-making']","['Email campaigns', 'Social media advertising']",Yes,"As a business operating in the management industry with 11-50 employees, I have faced challenges in finding suitable survey participants. One of the main difficulties I've encountered is reaching a representative sample, especially when targeting a specific demographic. Additionally, low response rates have also been a challenge, as it can be difficult to get participants to actively engage with the surveys. These challenges have required additional resources and have occasionally delayed decision-making processes within my business."
Finance,51-200,Business Owner,Annually,7,"['Low response rates', 'Privacy concerns from potential participants']","['Wasted resources', 'Delayed decision-making']","['Email campaigns', 'Social media advertising']",Yes,"I have found that recruiting survey participants with specific characteristics can be challenging, especially when trying to reach a representative sample. It can also be difficult to ensure a high response rate and address privacy concerns from potential participants. Additionally, there can be high costs associated with sourcing participants for surveys."
Other: Business Services,11-50,Business Owner,Bi-annually,5,['Low response rates'],['Wasted resources'],"['Email campaigns', 'Social media advertising']",Yes,"As a business owner, I have faced challenges in finding suitable survey participants due to the limited reach of my marketing campaigns and the difficulty in convincing potential participants to take part in the survey. Additionally, targeting a representative sample has been challenging as I need to ensure diversity in terms of age, gender, and geographical location."
Other: Business,51-200,Other: Management,Annually,5,['Low response rates'],['Wasted resources'],"['Email campaigns', 'Social media advertising', 'Third-party survey platforms']",Yes,I have not faced any specific challenges in finding suitable survey participants.
Other: management consulting,51-200,Business Owner,Annually,5,"['Difficulty reaching a representative sample', 'Low response rates', 'Privacy concerns from potential participants']","['Wasted resources', 'Delayed decision-making']","['Email campaigns', 'Social media advertising', 'Third-party survey platforms']",Yes,"As a market researcher, one of the biggest challenges I have faced is finding survey participants who accurately represent the target population. It can be difficult to reach a diverse and representative sample, especially when dealing with privacy concerns and low response rates. Additionally, sourcing participants through different methods and platforms can be costly. Overall, finding suitable survey participants requires careful planning and consideration of various factors."
Finance,51-200,Other: Management,Annually,7,"['Low response rates', 'High costs associated with sourcing participants']","['Wasted resources', 'Delayed decision-making']","['Email campaigns', 'Third-party survey platforms']",Yes,"I have found that recruiting participants from specific niche demographics can be quite challenging. Sometimes it's difficult to find enough individuals who meet the specific criteria for our research projects. Additionally, reaching out to potential participants and convincing them to take part in the surveys can be time-consuming and require additional resources. However, leveraging online platforms and targeted advertising has helped improve our response rates to some extent."
Other: (Please specify),11-50,Business Owner,Annually,4,"['Difficulty reaching a representative sample', 'Low response rates']","['Wasted resources', 'No significant impact']","['Email campaigns', 'Social media advertising']",Yes,"As a business owner in the technology industry, one challenge I have faced in finding suitable survey participants is reaching a diverse and representative sample. It can be difficult to ensure that the participants accurately reflect the demographics of the target population. Additionally, low response rates have been a challenge, which affects the reliability and validity of the survey results. Privacy concerns from potential participants have also arisen, leading to hesitancy in sharing personal information. Overall, these challenges have required me to explore multiple methods and platforms to source survey participants and invest additional resources in the recruitment process."
Other: Business Services,51-200,Management,Quarterly,5,"['Difficulty reaching a representative sample', 'Low response rates']","['Wasted resources', 'Delayed decision-making']","['Email campaigns', 'Third-party survey platforms']",Yes,"As a business operating in the field of business services, finding suitable survey participants can be challenging at times. One specific challenge we face is the difficulty of reaching a representative sample. It is essential for us to have a diverse range of participants in order to gather accurate insights. Additionally, low response rates can also be a challenge, requiring us to put in extra effort to increase participation. Overall, these challenges have led to wasted resources and delayed decision-making in some cases."
Other: IT Services,11-50,Business Owner,Bi-annually,6,"['Low response rates', 'High costs associated with sourcing participants']","['Wasted resources', 'Delayed decision-making']","['Email campaigns', 'Third-party survey platforms']",Yes,"I have found that recruiting participants with diverse backgrounds and perspectives can be challenging. It is important to ensure that the sample is representative and includes individuals from different demographic groups. Additionally, privacy concerns from potential participants can sometimes limit their willingness to participate in surveys. Overall, finding suitable survey participants requires careful consideration and strategic recruitment methods."
Other: Business Services,51-200,Management,Bi-annually,5,['Low response rates'],['Delayed decision-making'],"['Email campaigns', 'Social media advertising']",Yes,"As an assistant, I don't personally face challenges in finding survey participants. However, some common challenges that businesses may face include limited reach to a representative sample, low response rates, privacy concerns from potential participants, and high costs associated with sourcing participants."
Other: Management,51-200,Management,Annually,5,"['Difficulty reaching a representative sample', 'Low response rates']","['Wasted resources', 'Delayed decision-making']","['Email campaigns', 'Social media advertising']",Yes,I have not faced any additional challenges in finding suitable survey participants.
Other: Marketing,11-50,Business Owner,Annually,5,['Low response rates'],['Wasted resources'],"['Email campaigns', 'Third-party survey platforms']",Yes,I have not faced any additional challenges in finding suitable survey participants.
Other: Business,11-50,Business Owner,Annually,5,"['Difficulty reaching a representative sample', 'Low response rates']","['Wasted resources', 'Delayed decision-making']","['Email campaigns', 'Social media advertising']",Yes,I have not faced any additional challenges in finding suitable survey participants.
Other: Marketing,11-50,Business Owner,Quarterly,5,"['Difficulty reaching a representative sample', 'Low response rates', 'Privacy concerns from potential participants']","['Wasted resources', 'Delayed decision-making']","['Email campaigns', 'Social media advertising']",Yes,"As a business owner, one of the key challenges I have faced in finding suitable survey participants is ensuring a representative sample. It can be difficult to reach a diverse group of individuals that accurately reflects my target audience. Additionally, low response rates have been a challenge as it affects the validity of the data collected. Privacy concerns from potential participants have also raised issues. Overall, finding suitable survey participants requires careful planning and consideration."
Other: Business Consulting,51-200,Management Consultant,Bi-annually,4,"['Difficulty reaching a representative sample', 'Low response rates']","['Wasted resources', 'Delayed decision-making']","['Email campaigns', 'Third-party survey platforms']",Yes,"I have found it challenging to find survey participants who are representative of the population I am targeting. It can be difficult to reach a diverse sample and ensure that all demographic groups are adequately represented. Additionally, low response rates can sometimes make it hard to gather enough data for meaningful analysis. Privacy concerns from potential participants can also be a barrier to recruiting suitable participants. Overall, finding suitable survey participants requires a thoughtful and strategic approach."
Other: Marketing,51-200,Marketing Manager,Bi-annually,5,"['Difficulty reaching a representative sample', 'Other: Limited time availability for participants']","['Wasted resources', 'Delayed decision-making']","['Email campaigns', 'Social media advertising']",Yes,"As a market researcher, one of the challenges I face is ensuring that the survey participants I recruit are representative of the target population. It can be difficult to reach individuals from diverse backgrounds and demographics, which may lead to biased or skewed results. Additionally, low response rates can be a challenge, as it requires additional effort to encourage participation. Privacy concerns from potential participants can also impact the recruitment process. Overall, finding suitable survey participants requires careful planning, targeted recruitment methods, and effective communication to address these challenges."
Other: Manufacturing,1-10,Business Owner,Annually,6,"['Difficulty reaching a representative sample', 'Low response rates']","['Wasted resources', 'Delayed decision-making']","['Email campaigns', 'Third-party survey platforms']",Yes,"As a business owner, one challenge I have faced when trying to find suitable survey participants is ensuring diversity and representation in the sample. It can be difficult to reach individuals from different backgrounds and demographics, especially when it comes to certain niche markets or specific target audiences. Another challenge is obtaining a high response rate, as people are often busy and may not prioritize participation in surveys. Privacy concerns from potential participants also play a role, as people may be hesitant to share personal information or participate in surveys due to privacy and security issues. Overall, finding suitable survey participants can be a complex process that requires careful planning, targeted outreach, and consideration of ethical and privacy concerns."
Other: Management,51-200,Management,Bi-annually,5,"['Difficulty reaching a representative sample', 'Low response rates']","['Wasted resources', 'Delayed decision-making']","['Email campaigns', 'Social media advertising']",Yes,"As an AI assistant, I do not have personal experiences or challenges with finding survey participants. However, some common challenges that businesses may face include reaching a representative sample, low response rates, and privacy concerns from potential participants. Additionally, sourcing participants can be costly. It would be helpful to consider these factors when designing surveys and determining target populations."
Technology,51-200,Business Owner,Annually,7,"['Difficulty reaching a representative sample', 'Low response rates']","['Wasted resources', 'Delayed decision-making']","['Email campaigns', 'Social media advertising']",Yes,"Finding survey participants who are representative of the target population can be challenging, especially when it comes to capturing diverse perspectives. Additionally, ensuring a high response rate from participants can also be a hurdle. Privacy concerns from potential participants are also something to consider. Lastly, the high costs associated with sourcing participants can sometimes be a barrier. Overall, these factors make the process of finding suitable survey participants an ongoing challenge for businesses."
Other: ,51-200,Other:,Annually,6,['Low response rates'],['Wasted resources'],"['Email campaigns', 'Third-party survey platforms']",Yes,"I have found it challenging to find participants who are representative of the broader population, especially when conducting research on niche topics."
Other: Manufacturing,51-200,Business Owner,Annually,7,"['Difficulty reaching a representative sample', 'Low response rates']",['Wasted resources'],"['Email campaigns', 'Social media advertising']",Yes,"Finding suitable survey participants can sometimes be challenging due to specific requirements or criteria that need to be met. It can also be difficult to ensure a representative sample that accurately reflects the target population. Additionally, reaching potential participants and getting a high response rate can be a challenge. Privacy concerns from participants can also impact their willingness to participate in surveys. Overall, finding suitable survey participants requires careful planning and consideration of various factors."
Other:,51-200,Other:,Annually,5,"['Difficulty reaching a representative sample', 'Low response rates']","['Wasted resources', 'Delayed decision-making']","['Email campaigns', 'Social media advertising']",Yes,"One challenge I have faced is finding participants with diverse backgrounds and perspectives. It can be difficult to ensure representation across different demographics, especially when targeting specific populations. Additionally, low response rates can sometimes limit the pool of participants and make it challenging to gather enough data for meaningful analysis."
Other: Management,11-50,Management,Quarterly,6,"['Difficulty reaching a representative sample', 'Low response rates']","['Wasted resources', 'Delayed decision-making']","['Email campaigns', 'Third-party survey platforms']",Yes,"As a market researcher, I have faced challenges in finding suitable survey participants due to the specific demographic requirements of my projects. It can be difficult to reach a representative sample and achieve high response rates, which affects the reliability and validity of the data collected. Privacy concerns from potential participants also limit their willingness to participate in surveys. Additionally, sourcing participants can be costly, especially when using third-party survey platforms. Overall, finding suitable survey participants remains a constant challenge, but I am open to exploring solutions that streamline this process for my business."
Other:,11-50,Business Owner,Monthly,7,"['Difficulty reaching a representative sample', 'Low response rates']","['Wasted resources', 'No significant impact']","['Email campaigns', 'Social media advertising']",Yes,I have not faced any additional challenges in finding suitable survey participants.
Other: Marketing,51-200,Business Owner,Annually,4,"['Difficulty reaching a representative sample', 'Low response rates']","['Wasted resources', 'Delayed decision-making']","['Email campaigns', 'Third-party survey platforms']",Yes,"As a business owner in the marketing industry, I face the challenge of finding survey participants who accurately represent my target audience. It can be difficult to reach a diverse and representative sample, especially when it comes to obtaining a high response rate. Privacy concerns from potential participants also pose a challenge. Additionally, the high costs associated with sourcing participants can be a barrier. Overall, finding suitable survey participants requires careful planning and consideration of various factors."
Other: Business Services,51-200,Business Owner,Bi-annually,6,"['Low response rates', 'Privacy concerns from potential participants']","['Wasted resources', 'No significant impact']","['Email campaigns', 'Third-party survey platforms']",Yes,"As a business operating in the service industry, finding suitable survey participants can be challenging due to the niche nature of our target audience. We often face difficulty in reaching a representative sample and low response rates, which can impact the quality of our research. Privacy concerns from potential participants can also be a barrier. In order to overcome these challenges, we actively use email campaigns and third-party survey platforms to source participants. However, this process can be time-consuming and costly. Overall, finding suitable survey participants remains a constant challenge that requires ongoing efforts to improve our recruitment strategies."
Other: Business,11-50,Business Owner,Bi-annually,4,"['Difficulty reaching a representative sample', 'Low response rates']","['Wasted resources', 'No significant impact']","['Email campaigns', 'Social media advertising']",Yes,"As a business owner, I have faced challenges in finding suitable survey participants due to their limited availability and the need for a representative sample. It can be difficult to reach out to a diverse group of individuals who accurately represent the target population. Additionally, low response rates have been a common issue, which can impact the validity of the survey results. Privacy concerns from potential participants also present a challenge in obtaining their participation. However, I have found that utilizing email campaigns and social media advertising has been helpful in sourcing survey participants."
Other: Manufacturing,11-50,Business Owner,Bi-annually,5,['Low response rates'],['No significant impact'],"['Email campaigns', 'Social media advertising', 'Third-party survey platforms']",Yes,"As a business owner, one challenge I have faced in finding suitable survey participants is ensuring a diverse representation. It can be difficult to reach a representative sample that accurately reflects the demographics of the target population. Additionally, privacy concerns from potential participants have been a factor that needs to be addressed. Overall, finding participants who are willing to provide accurate and valuable insights can be a challenge, but it is crucial for the success of any survey or research project."
Other:,11-50,Business Owner,Quarterly,6,['Low response rates'],['Wasted resources'],"['Email campaigns', 'Social media advertising']",Yes,"I have faced challenges with recruiting participants who meet specific demographic criteria. It can be time-consuming and difficult to find individuals who fit the desired characteristics for a particular research project. Additionally, reaching a representative sample can be challenging, especially when targeting a specific niche audience. Overall, finding suitable survey participants can be a complex task that requires careful planning and strategic recruitment strategies."
Other: Research,51-200,Research Head,Bi-annually,6,['High costs associated with sourcing participants'],['Wasted resources'],"['Email campaigns', 'Third-party survey platforms']",Yes,"As a research head in the technology research industry, one of the challenges I face when trying to find suitable survey participants is the saturation of the market. Many potential participants have been exposed to numerous surveys and are less willing to participate. Additionally, reaching specific niche demographics can be difficult and time-consuming. However, using third-party survey platforms has been helpful in sourcing participants with specific characteristics or interests."
Other: Business Consulting,51-200,Business Owner,Bi-annually,7,"['Low response rates', 'High costs associated with sourcing participants']","['Wasted resources', 'Delayed decision-making']","['Email campaigns', 'Third-party survey platforms']",Yes,"I have found it challenging to find survey participants who meet specific criteria for my research. It takes a lot of effort and resources to recruit a representative sample, especially when trying to target a niche demographic. Additionally, privacy concerns from potential participants have also posed a challenge. Overall, finding suitable survey participants can be time-consuming and expensive."
Finance,51-200,Business Owner,Annually,7,"['Low response rates', 'Privacy concerns from potential participants']","['Wasted resources', 'No significant impact']","['Email campaigns', 'Third-party survey platforms']",Yes,"As a business operating in the finance industry with 51-200 employees, I have faced challenges in finding suitable survey participants. One of the main challenges is low response rates, which makes it difficult to gather enough data for analysis. Additionally, privacy concerns from potential participants have also been a hurdle. These challenges have led to wasted resources and delayed decision-making. It would be beneficial to have a solution that streamlines the process and improves the efficiency of finding suitable and representative survey participants."
Other:,1-10,Business Owner,Bi-annually,5,"['Low response rates', 'High costs associated with sourcing participants']","['Wasted resources', 'Delayed decision-making']","['Email campaigns', 'Third-party survey platforms']",Yes,"As a business owner in the technology industry, I have faced challenges in finding survey participants who match my target audience. It is often difficult to reach a representative sample and the response rates can be low. Additionally, sourcing participants through certain platforms can be costly. However, I have found that using email campaigns and third-party survey platforms have been effective methods for sourcing participants. Overall, finding suitable survey participants can be time-consuming and resource-intensive, but it is crucial for making informed business decisions."
Finance,51-200,Business Owner,Annually,5,"['Difficulty reaching a representative sample', 'Low response rates']","['Wasted resources', 'Delayed decision-making']","['Email campaigns', 'Social media advertising']",Yes,"I have found it challenging to reach a diverse and representative sample of survey participants, especially when targeting specific demographics. It can be difficult to ensure that the participants who respond to the surveys accurately reflect the larger population. Additionally, low response rates have been a recurring issue, which can affect the reliability and validity of the survey results. Overall, finding suitable survey participants requires careful planning and a comprehensive recruitment strategy."
Other: Manufacturing,11-50,Business Owner,Annually,7,"['Difficulty reaching a representative sample', 'Low response rates']","['Wasted resources', 'No significant impact']","['Email campaigns', 'Social media advertising']",Yes,One challenge I have faced is finding participants from diverse backgrounds. It can be difficult to reach certain demographic groups and ensure a representative sample.
Other: Business consulting,51-200,Management,Annually,5,['Low response rates'],"['Wasted resources', 'Delayed decision-making']","['Email campaigns', 'Social media advertising']",Yes,"Finding suitable survey participants can sometimes be a challenge due to the need for a representative sample. It can also be difficult to generate high response rates and ensure privacy concerns are addressed. Additionally, the cost associated with sourcing participants can be high. Overall, it is an ongoing process that requires careful consideration and strategy."
Other: Marketing,11-50,Marketing Manager,Bi-annually,5,"['Low response rates', 'Privacy concerns from potential participants']",['Delayed decision-making'],"['Email campaigns', 'Social media advertising']",Yes,"As a marketing professional, one of the challenges I face when trying to find suitable survey participants is ensuring a representative sample. It can be difficult to reach individuals from diverse backgrounds and demographics, which can limit the generalizability and reliability of the survey findings. Additionally, low response rates are a common issue, which makes it challenging to gather a sufficient number of participants for meaningful analysis. Privacy concerns from potential participants also play a role in the recruitment process, as some individuals may be hesitant to share personal information or opinions. Lastly, sourcing participants can be costly, especially when using third-party survey platforms or conducting in-person recruitment. Overall, finding suitable survey participants requires careful planning, resource allocation, and consideration of privacy concerns to obtain accurate and valuable insights."
Other: Business Services,1-10,Business Owner,Bi-annually,5,"['Difficulty reaching a representative sample', 'Low response rates']","['Wasted resources', 'Delayed decision-making']","['Email campaigns', 'Third-party survey platforms']",Yes,"I have found it challenging to reach a diverse group of survey participants that accurately represents the population I am targeting. It can also be difficult to motivate participants to respond to surveys, resulting in low response rates. Additionally, privacy concerns from potential participants can sometimes limit their willingness to participate in surveys. Overall, finding suitable survey participants can be time-consuming and costly."
Other: Business,51-200,Business Owner,Quarterly,4,"['Difficulty reaching a representative sample', 'Low response rates']","['Wasted resources', 'Delayed decision-making']","['Email campaigns', 'Third-party survey platforms']",Yes,"As a business owner, I find it challenging to find survey participants who accurately represent my target audience. It is crucial to reach a diverse and representative sample, but it can be difficult to achieve. Low response rates and privacy concerns from potential participants also pose challenges. Additionally, sourcing participants can be costly. Overall, finding suitable survey participants requires careful planning and consideration of various factors."
Finance,51-200,Other: Management,Quarterly,7,"['Low response rates', 'Privacy concerns from potential participants']","['Wasted resources', 'No significant impact']","['Email campaigns', 'Social media advertising']",Yes,"As a business operating in the finance industry with 51-200 employees, one of the challenges I face in finding suitable survey participants is the low response rates. It can be difficult to get a representative sample of participants willing to take part in the surveys. Additionally, privacy concerns from potential participants are also a challenge. Some individuals may be hesitant to share their personal information or opinions, which can impact the effectiveness of the surveys. Overall, finding a solution that streamlines the process of finding suitable and representative survey participants would greatly benefit our business."
Other: Business Services,51-200,Business Owner,Bi-annually,8,"['Difficulty reaching a representative sample', 'Low response rates', 'Privacy concerns from potential participants']",['No significant impact'],"['Email campaigns', 'Social media advertising', 'Third-party survey platforms', 'In-person recruitment']",Yes,"As a business owner, one additional challenge I face when trying to find suitable survey participants is the need for diversity in my sample. It can be difficult to reach a representative sample that encompasses different demographics, backgrounds, and perspectives. This is important to ensure the validity and reliability of the data collected. Additionally, finding participants who are truly engaged and willing to provide thoughtful responses can also be a challenge."
Other:,51-200,Business Owner,Less frequently,5,"['Difficulty reaching a representative sample', 'Low response rates']","['Wasted resources', 'Delayed decision-making']","['Email campaigns', 'Social media advertising']",Yes,"No, I have no additional comments or challenges to share."
Finance,51-200,Business Owner,Bi-annually,6,['Low response rates'],['Wasted resources'],"['Email campaigns', 'Social media advertising']",Yes,"As a person conducting surveys, I have faced challenges in reaching a representative sample and in dealing with low response rates. These challenges have made it difficult to gather a diverse and accurate set of survey participants. Additionally, privacy concerns from potential participants can also be a barrier in obtaining their participation."
Other: Marketing,51-200,Marketing Manager,Annually,5,['Low response rates'],['Wasted resources'],"['Social media advertising', 'Third-party survey platforms']",Yes,"I have found it challenging to find survey participants who are willing to provide detailed feedback and take the time to complete the surveys. It can be difficult to ensure a representative sample, especially when targeting specific demographics or industries."
Other: Management,51-200,Other: Management,Quarterly,5,"['Low response rates', 'Privacy concerns from potential participants']","['Wasted resources', 'Delayed decision-making']","['Email campaigns', 'Third-party survey platforms']",Yes,"I have found that recruiting participants with specific demographics can be quite challenging. It can sometimes be difficult to find a representative sample that accurately represents the population we are targeting. Additionally, low response rates have been a common issue, which can negatively impact the reliability and validity of our survey results. Privacy concerns from potential participants have also posed challenges in recruiting suitable participants. Overall, finding and recruiting suitable survey participants can be a complex and time-consuming process."
Other:,51-200,Research Head,Annually,6,"['Difficulty reaching a representative sample', 'Low response rates']","['Wasted resources', 'Delayed decision-making']","['Email campaigns', 'Third-party survey platforms']",Yes,"As a researcher, I have faced challenges in finding suitable survey participants due to the limited pool of individuals who meet specific criteria. This has sometimes resulted in delays in data collection and analysis. Additionally, privacy concerns from potential participants have affected response rates. Overall, finding representative survey participants can be a time-consuming and resource-intensive process."
Other: Business Services,11-50,Business Owner,Less frequently,5,"['Difficulty reaching a representative sample', 'Low response rates', 'Privacy concerns from potential participants']","['Wasted resources', 'Delayed decision-making']","['Email campaigns', 'Social media advertising', 'Third-party survey platforms']",Yes,"In my experience, one of the main challenges in finding suitable survey participants is ensuring diversity and representation. It can be difficult to reach a truly representative sample, especially when targeting specific demographics or niche populations. Additionally, low response rates can also be a challenge, as it may require implementing various strategies to encourage participation. Overall, finding suitable survey participants requires careful consideration and a multi-faceted approach."
Other: Business,11-50,Business Owner,Annually,7,"['Difficulty reaching a representative sample', 'Low response rates']","['Wasted resources', 'Delayed decision-making']","['Email campaigns', 'Third-party survey platforms']",Yes,"As a business owner, one of the challenges I face when trying to find suitable survey participants is ensuring diversity and representation in my sample. It can be difficult to reach a representative sample that reflects the diversity of the population. Additionally, low response rates can also be a challenge, especially when targeting specific demographics. Privacy concerns from potential participants can also impact the recruitment process. Overall, finding suitable survey participants can be a complex and time-consuming task."
Other:,51-200,Business Owner,Annually,7,"['Low response rates', 'High costs associated with sourcing participants']","['Wasted resources', 'Delayed decision-making']","['Email campaigns', 'Third-party survey platforms']",Yes,"One challenge I face when trying to find suitable survey participants is the need for diversity. It can be difficult to reach a representative sample that includes individuals from different backgrounds, demographics, and perspectives. There is also the challenge of ensuring a high response rate, as not everyone may be willing or available to participate in surveys. Additionally, privacy concerns from potential participants can make it challenging to gather accurate and honest responses. These challenges can sometimes result in high costs associated with sourcing participants, especially when using third-party survey platforms."
Other: Consulting,51-200,Business Owner,Annually,5,"['Difficulty reaching a representative sample', 'Low response rates']","['Wasted resources', 'No significant impact']","['Email campaigns', 'Social media advertising']",Yes,"As a business operating in the consulting industry, one of the challenges we face in finding suitable survey participants is ensuring that we reach individuals with diverse backgrounds and experiences. It can be difficult to capture a representative sample that accurately reflects the diversity of our target audience. Additionally, we sometimes encounter low response rates, which can affect the reliability of our survey results."
Other: Management consulting,51-200,Management Consultant,Annually,6,"['Difficulty reaching a representative sample', 'Low response rates']","['Wasted resources', 'Delayed decision-making']","['Email campaigns', 'Third-party survey platforms']",Yes,"I have found that reaching specific target demographics can be a challenge, especially when trying to find participants within a certain age range or industry. Additionally, ensuring a diverse and representative sample can sometimes be difficult. Overall, finding suitable survey participants requires careful planning and targeting."
