Gender Identity,Age,Date of Birth,Marital Status,Sexual Orientation,Nationality,Country of Residence,State/Province,City,Rural or Urban,Type of Residence,Length of Residence,Level of Education,Field of Study,Occupation,Income Level,Social Class,Employment Status,Home Ownership,Ethnicity,Language(s) Spoken,Religion,Cultural Practices,Immigration Status,Hobbies and Interests,Shopping Preferences,Dietary Preferences,Physical Activity Levels,Social Media Usage,Travel Habits,Alcohol and Tobacco Use,Technology Usage,Family Structure,Household Size,Pet Ownership,Relationship Status,Caregiving Responsibilities,General Health Status,Disabilities or Chronic Illnesses,Mental Health Status,Health Insurance Status,Access to Healthcare,Political Affiliation,Voting Behavior,Political Engagement
Male,70-90,1950-01-01,Married,Heterosexual,British,United Kingdom,England,London,Urban,Apartment,40 Years,Degree,History,Retired,Middle Income,Middle Class,Retired,Owner,White British,English,Christian,Celebrates Christmas and Easter,Born in the UK,Gardening and Reading,Online Shopping,No Restrictions,Low,Occasional,Annual Trips,"Drinks Moderately, doesn't smoke",Basic,"Widowed, 2 children",1,No Pets,Widowed,None,Fair,Arthritis,Stable,Through NHS,Full Access,Labour Party,Regular Voter,Moderate
,,,,,,,,,,,,,,,,,,,,,,,,,,,,,,,,,,,,,,,,,,,,
Male,70-90,"20/30/196,%8",Widowed,Heterosexual,British,United Kingdom,England,London,Urban,Apartment,30 years,Bachelor's Degree,Physics,Retired,Medium,Uppermiddle class,Retired,Own,Caucasian,English,Christianity,Traditional British culture,Native born,"Reading, Gardening",In-store,No Specific Diet,Medium,Low,Once a year,"Occasional drinker, Non-smoker",Basic,Two children,1,Dog,Widowed,None,Good,None,Good,Covered,Good,No Affiliation,Voter,Low
,,,,,,,,,,,,,,,,,,,,,,,,,,,,,,,,,,,,,,,,,,,,
,,,,,,,,,,,,,,,,,,,,,,,,,,,,,,,,,,,,,,,,,,,,
,,,,,,,,,,,,,,,,,,,,,,,,,,,,,,,,,,,,,,,,,,,,
,,,,,,,,,,,,,,,,,,,,,,,,,,,,,,,,,,,,,,,,,,,,
Male,70-90,1948-05-10,Widowed,Heterosexual,British,United Kingdom,England,London,Urban,Single-Family Home,45 years,Bachelor's Degree,Engineering,Retired,Mid,Middle Class,Retired,Own,White,English,Christian,Western,Native Born,"Gardening, Reading",Online Shopping,No Preferences,Medium,Light,Local Travelling,Occasional,Limited,"Single, 2 Adult Children",1,Owns a Cat,Single,None,Good,None,Good,Covered,Good,Conservative Party,Always Votes,Light
Male,70-90,01/01/1951,Widowed,Heterosexual,British,United Kingdom,England,London,Urban,Flat,30 years,Secondary school,Engineering,Retired,Low income,Working class,Retired,Owner,White British,English,Agnostic,Western Culture,Non-immigrant,"Gardening, Reading",In-store shopping,No special diet,Low,Rare,Annual holidays,"Occasional alcohol, no tobacco",Minimal,"Single, children grown up and moved out",1,One dog,Widower,None,Moderate,Arthritis,Good,National health service,Regular visits to healthcare providers,Labour Party,Regular voter,Variant
Female,70-90,1950-08-12,Widowed,Heterosexual,British,United Kingdom,England,London,Urban,Apartment,30 years,Master's Degree,History,Retired,Middle income,Middle Class,Retired,Own Home,White,English,Christianity,Church Attendant,Non immigrant,"Reading, Gardening","In Store Shopping, Online Shopping",Balanced diet,Low,"Facebook, Google use",Local trips ,"No Tobacco, occasional alcohol",Basic,"Has Adult children, grand children",1,Owns a Cat,Single,None,Average,Arthritis and Systemic lupus,Mild depression,Private,Good,Labour,Active voter,Low
